Date,Ticker,Item,Price,Unit,Store,Notes
2026-08-23,MILK,2L 2% Milk,4.36,2L,Atlantic Superstore,sale
2026-08-24,MILK,2L 2% Milk,4.35,2L,Atlantic Superstore,sale
2026-08-25,MILK,2L 2% Milk,4.23,2L,Atlantic Superstore,sale
2026-08-26,MILK,2L 2% Milk,4.03,2L,Atlantic Superstore,sale
2026-08-27,MILK,2L 2% Milk,5.03,2L,Atlantic Superstore,
2026-08-28,MILK,2L 2% Milk,5.07,2L,Atlantic Superstore,
2026-08-29,MILK,2L 2% Milk,5.1,2L,Atlantic Superstore,
2026-08-30,MILK,2L 2% Milk,5.1,2L,Atlantic Superstore,
2026-08-31,MILK,2L 2% Milk,5.07,2L,Atlantic Superstore,
2026-09-01,MILK,2L 2% Milk,5.03,2L,Atlantic Superstore,
2026-09-02,MILK,2L 2% Milk,5.04,2L,Atlantic Superstore,
2026-09-03,MILK,2L 2% Milk,5.09,2L,Atlantic Superstore,
2026-09-04,MILK,2L 2% Milk,5.1,2L,Atlantic Superstore,
2026-09-05,MILK,2L 2% Milk,5.09,2L,Atlantic Superstore,
2026-09-06,MILK,2L 2% Milk,5.11,2L,Atlantic Superstore,
2026-09-07,MILK,2L 2% Milk,5.05,2L,Atlantic Superstore,
2026-09-08,MILK,2L 2% Milk,5.04,2L,Atlantic Superstore,
2026-09-09,MILK,2L 2% Milk,5.06,2L,Atlantic Superstore,
2026-09-10,MILK,2L 2% Milk,5.1,2L,Atlantic Superstore,
2026-09-11,MILK,2L 2% Milk,5.09,2L,Atlantic Superstore,
2026-09-12,MILK,2L 2% Milk,5.1,2L,Atlantic Superstore,
2026-09-13,MILK,2L 2% Milk,5.11,2L,Atlantic Superstore,
2026-09-14,MILK,2L 2% Milk,5.14,2L,Atlantic Superstore,
2026-09-15,MILK,2L 2% Milk,5.1,2L,Atlantic Superstore,
2026-09-16,MILK,2L 2% Milk,5.12,2L,Atlantic Superstore,
2026-09-17,MILK,2L 2% Milk,5.06,2L,Atlantic Superstore,
2026-09-18,MILK,2L 2% Milk,4.95,2L,Atlantic Superstore,
2026-09-19,MILK,2L 2% Milk,4.93,2L,Atlantic Superstore,
2026-09-20,MILK,2L 2% Milk,4.89,2L,Atlantic Superstore,
2026-09-21,MILK,2L 2% Milk,4.93,2L,Atlantic Superstore,
2026-09-22,MILK,2L 2% Milk,4.95,2L,Atlantic Superstore,
2026-09-23,MILK,2L 2% Milk,4.91,2L,Atlantic Superstore,
2026-09-24,MILK,2L 2% Milk,4.94,2L,Atlantic Superstore,
2026-09-25,MILK,2L 2% Milk,4.9,2L,Atlantic Superstore,
2026-09-26,MILK,2L 2% Milk,4.9,2L,Atlantic Superstore,
2026-08-23,EGGS,Dozen Large Eggs,4.48,dozen,Atlantic Superstore,
2026-08-24,EGGS,Dozen Large Eggs,4.55,dozen,Atlantic Superstore,
2026-08-25,EGGS,Dozen Large Eggs,4.54,dozen,Atlantic Superstore,
2026-08-26,EGGS,Dozen Large Eggs,4.57,dozen,Atlantic Superstore,
2026-08-27,EGGS,Dozen Large Eggs,4.54,dozen,Atlantic Superstore,
2026-08-28,EGGS,Dozen Large Eggs,4.47,dozen,Atlantic Superstore,
2026-08-29,EGGS,Dozen Large Eggs,4.49,dozen,Atlantic Superstore,
2026-08-30,EGGS,Dozen Large Eggs,4.51,dozen,Atlantic Superstore,
2026-08-31,EGGS,Dozen Large Eggs,4.54,dozen,Atlantic Superstore,
2026-09-01,EGGS,Dozen Large Eggs,4.51,dozen,Atlantic Superstore,
2026-09-02,EGGS,Dozen Large Eggs,4.46,dozen,Atlantic Superstore,
2026-09-03,EGGS,Dozen Large Eggs,4.46,dozen,Atlantic Superstore,
2026-09-04,EGGS,Dozen Large Eggs,4.45,dozen,Atlantic Superstore,
2026-09-05,EGGS,Dozen Large Eggs,4.42,dozen,Atlantic Superstore,
2026-09-06,EGGS,Dozen Large Eggs,4.38,dozen,Atlantic Superstore,
2026-09-07,EGGS,Dozen Large Eggs,4.39,dozen,Atlantic Superstore,
2026-09-08,EGGS,Dozen Large Eggs,4.42,dozen,Atlantic Superstore,
2026-09-09,EGGS,Dozen Large Eggs,4.41,dozen,Atlantic Superstore,
2026-09-10,EGGS,Dozen Large Eggs,4.49,dozen,Atlantic Superstore,
2026-09-11,EGGS,Dozen Large Eggs,4.48,dozen,Atlantic Superstore,
2026-09-12,EGGS,Dozen Large Eggs,4.46,dozen,Atlantic Superstore,
2026-09-13,EGGS,Dozen Large Eggs,4.43,dozen,Atlantic Superstore,
2026-09-14,EGGS,Dozen Large Eggs,4.49,dozen,Atlantic Superstore,
2026-09-15,EGGS,Dozen Large Eggs,4.55,dozen,Atlantic Superstore,
2026-09-16,EGGS,Dozen Large Eggs,4.03,dozen,Atlantic Superstore,sale
2026-09-17,EGGS,Dozen Large Eggs,4.07,dozen,Atlantic Superstore,sale
2026-09-18,EGGS,Dozen Large Eggs,3.92,dozen,Atlantic Superstore,sale
2026-09-19,EGGS,Dozen Large Eggs,4.57,dozen,Atlantic Superstore,
2026-09-20,EGGS,Dozen Large Eggs,4.54,dozen,Atlantic Superstore,
2026-09-21,EGGS,Dozen Large Eggs,4.47,dozen,Atlantic Superstore,
2026-09-22,EGGS,Dozen Large Eggs,4.47,dozen,Atlantic Superstore,
2026-09-23,EGGS,Dozen Large Eggs,4.45,dozen,Atlantic Superstore,
2026-09-24,EGGS,Dozen Large Eggs,4.44,dozen,Atlantic Superstore,
2026-09-25,EGGS,Dozen Large Eggs,4.48,dozen,Atlantic Superstore,
2026-09-26,EGGS,Dozen Large Eggs,4.52,dozen,Atlantic Superstore,
2026-08-23,BREAD,675g Whole Wheat Bread,3.47,loaf,Atlantic Superstore,
2026-08-24,BREAD,675g Whole Wheat Bread,3.49,loaf,Atlantic Superstore,
2026-08-25,BREAD,675g Whole Wheat Bread,3.52,loaf,Atlantic Superstore,
2026-08-26,BREAD,675g Whole Wheat Bread,3.52,loaf,Atlantic Superstore,
2026-08-27,BREAD,675g Whole Wheat Bread,3.53,loaf,Atlantic Superstore,
2026-08-28,BREAD,675g Whole Wheat Bread,3.53,loaf,Atlantic Superstore,
2026-08-29,BREAD,675g Whole Wheat Bread,3.56,loaf,Atlantic Superstore,
2026-08-30,BREAD,675g Whole Wheat Bread,3.59,loaf,Atlantic Superstore,
2026-08-31,BREAD,675g Whole Wheat Bread,3.59,loaf,Atlantic Superstore,
2026-09-01,BREAD,675g Whole Wheat Bread,3.57,loaf,Atlantic Superstore,
2026-09-02,BREAD,675g Whole Wheat Bread,3.59,loaf,Atlantic Superstore,
2026-09-03,BREAD,675g Whole Wheat Bread,3.6,loaf,Atlantic Superstore,
2026-09-04,BREAD,675g Whole Wheat Bread,3.64,loaf,Atlantic Superstore,
2026-09-05,BREAD,675g Whole Wheat Bread,3.26,loaf,Atlantic Superstore,sale
2026-09-06,BREAD,675g Whole Wheat Bread,3.17,loaf,Atlantic Superstore,sale
2026-09-07,BREAD,675g Whole Wheat Bread,3.16,loaf,Atlantic Superstore,sale
2026-09-08,BREAD,675g Whole Wheat Bread,3.12,loaf,Atlantic Superstore,sale
2026-09-09,BREAD,675g Whole Wheat Bread,3.61,loaf,Atlantic Superstore,
2026-09-10,BREAD,675g Whole Wheat Bread,3.63,loaf,Atlantic Superstore,
2026-09-11,BREAD,675g Whole Wheat Bread,3.65,loaf,Atlantic Superstore,
2026-09-12,BREAD,675g Whole Wheat Bread,3.58,loaf,Atlantic Superstore,
2026-09-13,BREAD,675g Whole Wheat Bread,3.6,loaf,Atlantic Superstore,
2026-09-14,BREAD,675g Whole Wheat Bread,3.62,loaf,Atlantic Superstore,
2026-09-15,BREAD,675g Whole Wheat Bread,3.06,loaf,Atlantic Superstore,sale
2026-09-16,BREAD,675g Whole Wheat Bread,3.22,loaf,Atlantic Superstore,sale
2026-09-17,BREAD,675g Whole Wheat Bread,3.06,loaf,Atlantic Superstore,sale
2026-09-18,BREAD,675g Whole Wheat Bread,2.99,loaf,Atlantic Superstore,sale
2026-09-19,BREAD,675g Whole Wheat Bread,3.63,loaf,Atlantic Superstore,
2026-09-20,BREAD,675g Whole Wheat Bread,3.63,loaf,Atlantic Superstore,
2026-09-21,BREAD,675g Whole Wheat Bread,3.6,loaf,Atlantic Superstore,
2026-09-22,BREAD,675g Whole Wheat Bread,3.6,loaf,Atlantic Superstore,
2026-09-23,BREAD,675g Whole Wheat Bread,3.57,loaf,Atlantic Superstore,
2026-09-24,BREAD,675g Whole Wheat Bread,3.6,loaf,Atlantic Superstore,
2026-09-25,BREAD,675g Whole Wheat Bread,3.6,loaf,Atlantic Superstore,
2026-09-26,BREAD,675g Whole Wheat Bread,3.66,loaf,Atlantic Superstore,
2026-08-23,BUTTER,454g Butter,6.0,454g,Atlantic Superstore,
2026-08-24,BUTTER,454g Butter,6.02,454g,Atlantic Superstore,
2026-08-25,BUTTER,454g Butter,6.02,454g,Atlantic Superstore,
2026-08-26,BUTTER,454g Butter,6.0,454g,Atlantic Superstore,
2026-08-27,BUTTER,454g Butter,6.0,454g,Atlantic Superstore,
2026-08-28,BUTTER,454g Butter,6.0,454g,Atlantic Superstore,
2026-08-29,BUTTER,454g Butter,5.92,454g,Atlantic Superstore,
2026-08-30,BUTTER,454g Butter,5.1,454g,Atlantic Superstore,sale
2026-08-31,BUTTER,454g Butter,4.96,454g,Atlantic Superstore,sale
2026-09-01,BUTTER,454g Butter,4.96,454g,Atlantic Superstore,sale
2026-09-02,BUTTER,454g Butter,5.12,454g,Atlantic Superstore,sale
2026-09-03,BUTTER,454g Butter,5.99,454g,Atlantic Superstore,
2026-09-04,BUTTER,454g Butter,5.96,454g,Atlantic Superstore,
2026-09-05,BUTTER,454g Butter,5.9,454g,Atlantic Superstore,
2026-09-06,BUTTER,454g Butter,6.05,454g,Atlantic Superstore,
2026-09-07,BUTTER,454g Butter,6.02,454g,Atlantic Superstore,
2026-09-08,BUTTER,454g Butter,5.97,454g,Atlantic Superstore,
2026-09-09,BUTTER,454g Butter,5.95,454g,Atlantic Superstore,
2026-09-10,BUTTER,454g Butter,5.95,454g,Atlantic Superstore,
2026-09-11,BUTTER,454g Butter,5.95,454g,Atlantic Superstore,
2026-09-12,BUTTER,454g Butter,6.0,454g,Atlantic Superstore,
2026-09-13,BUTTER,454g Butter,5.97,454g,Atlantic Superstore,
2026-09-14,BUTTER,454g Butter,5.95,454g,Atlantic Superstore,
2026-09-15,BUTTER,454g Butter,5.95,454g,Atlantic Superstore,
2026-09-16,BUTTER,454g Butter,5.97,454g,Atlantic Superstore,
2026-09-17,BUTTER,454g Butter,5.95,454g,Atlantic Superstore,
2026-09-18,BUTTER,454g Butter,5.92,454g,Atlantic Superstore,
2026-09-19,BUTTER,454g Butter,6.0,454g,Atlantic Superstore,
2026-09-20,BUTTER,454g Butter,5.95,454g,Atlantic Superstore,
2026-09-21,BUTTER,454g Butter,5.98,454g,Atlantic Superstore,
2026-09-22,BUTTER,454g Butter,5.99,454g,Atlantic Superstore,
2026-09-23,BUTTER,454g Butter,5.98,454g,Atlantic Superstore,
2026-09-24,BUTTER,454g Butter,5.95,454g,Atlantic Superstore,
2026-09-25,BUTTER,454g Butter,6.02,454g,Atlantic Superstore,
2026-09-26,BUTTER,454g Butter,6.11,454g,Atlantic Superstore,
2026-08-23,CHEDDAR,400g Cheddar Cheese,7.0,400g,Atlantic Superstore,
2026-08-24,CHEDDAR,400g Cheddar Cheese,7.02,400g,Atlantic Superstore,
2026-08-25,CHEDDAR,400g Cheddar Cheese,6.97,400g,Atlantic Superstore,
2026-08-26,CHEDDAR,400g Cheddar Cheese,6.99,400g,Atlantic Superstore,
2026-08-27,CHEDDAR,400g Cheddar Cheese,6.91,400g,Atlantic Superstore,
2026-08-28,CHEDDAR,400g Cheddar Cheese,6.92,400g,Atlantic Superstore,
2026-08-29,CHEDDAR,400g Cheddar Cheese,6.85,400g,Atlantic Superstore,
2026-08-30,CHEDDAR,400g Cheddar Cheese,5.43,400g,Atlantic Superstore,sale
2026-08-31,CHEDDAR,400g Cheddar Cheese,5.91,400g,Atlantic Superstore,sale
2026-09-01,CHEDDAR,400g Cheddar Cheese,5.52,400g,Atlantic Superstore,sale
2026-09-02,CHEDDAR,400g Cheddar Cheese,6.72,400g,Atlantic Superstore,
2026-09-03,CHEDDAR,400g Cheddar Cheese,6.77,400g,Atlantic Superstore,
2026-09-04,CHEDDAR,400g Cheddar Cheese,6.74,400g,Atlantic Superstore,
2026-09-05,CHEDDAR,400g Cheddar Cheese,6.76,400g,Atlantic Superstore,
2026-09-06,CHEDDAR,400g Cheddar Cheese,6.76,400g,Atlantic Superstore,
2026-09-07,CHEDDAR,400g Cheddar Cheese,6.88,400g,Atlantic Superstore,
2026-09-08,CHEDDAR,400g Cheddar Cheese,6.78,400g,Atlantic Superstore,
2026-09-09,CHEDDAR,400g Cheddar Cheese,6.81,400g,Atlantic Superstore,
2026-09-10,CHEDDAR,400g Cheddar Cheese,6.8,400g,Atlantic Superstore,
2026-09-11,CHEDDAR,400g Cheddar Cheese,6.79,400g,Atlantic Superstore,
2026-09-12,CHEDDAR,400g Cheddar Cheese,6.89,400g,Atlantic Superstore,
2026-09-13,CHEDDAR,400g Cheddar Cheese,6.89,400g,Atlantic Superstore,
2026-09-14,CHEDDAR,400g Cheddar Cheese,7.02,400g,Atlantic Superstore,
2026-09-15,CHEDDAR,400g Cheddar Cheese,6.99,400g,Atlantic Superstore,
2026-09-16,CHEDDAR,400g Cheddar Cheese,7.01,400g,Atlantic Superstore,
2026-09-17,CHEDDAR,400g Cheddar Cheese,5.93,400g,Atlantic Superstore,sale
2026-09-18,CHEDDAR,400g Cheddar Cheese,5.64,400g,Atlantic Superstore,sale
2026-09-19,CHEDDAR,400g Cheddar Cheese,5.91,400g,Atlantic Superstore,sale
2026-09-20,CHEDDAR,400g Cheddar Cheese,7.1,400g,Atlantic Superstore,
2026-09-21,CHEDDAR,400g Cheddar Cheese,7.09,400g,Atlantic Superstore,
2026-09-22,CHEDDAR,400g Cheddar Cheese,7.11,400g,Atlantic Superstore,
2026-09-23,CHEDDAR,400g Cheddar Cheese,7.05,400g,Atlantic Superstore,
2026-09-24,CHEDDAR,400g Cheddar Cheese,6.92,400g,Atlantic Superstore,
2026-09-25,CHEDDAR,400g Cheddar Cheese,6.98,400g,Atlantic Superstore,
2026-09-26,CHEDDAR,400g Cheddar Cheese,7.06,400g,Atlantic Superstore,
2026-08-23,CHICKEN,Chicken Breast,13.2,kg,Atlantic Superstore,
2026-08-24,CHICKEN,Chicken Breast,13.33,kg,Atlantic Superstore,
2026-08-25,CHICKEN,Chicken Breast,13.3,kg,Atlantic Superstore,
2026-08-26,CHICKEN,Chicken Breast,13.13,kg,Atlantic Superstore,
2026-08-27,CHICKEN,Chicken Breast,10.55,kg,Atlantic Superstore,sale
2026-08-28,CHICKEN,Chicken Breast,11.49,kg,Atlantic Superstore,sale
2026-08-29,CHICKEN,Chicken Breast,12.92,kg,Atlantic Superstore,
2026-08-30,CHICKEN,Chicken Breast,13.06,kg,Atlantic Superstore,
2026-08-31,CHICKEN,Chicken Breast,13.29,kg,Atlantic Superstore,
2026-09-01,CHICKEN,Chicken Breast,11.47,kg,Atlantic Superstore,sale
2026-09-02,CHICKEN,Chicken Breast,11.61,kg,Atlantic Superstore,sale
2026-09-03,CHICKEN,Chicken Breast,13.38,kg,Atlantic Superstore,
2026-09-04,CHICKEN,Chicken Breast,13.44,kg,Atlantic Superstore,
2026-09-05,CHICKEN,Chicken Breast,13.5,kg,Atlantic Superstore,
2026-09-06,CHICKEN,Chicken Breast,13.45,kg,Atlantic Superstore,
2026-09-07,CHICKEN,Chicken Breast,13.33,kg,Atlantic Superstore,
2026-09-08,CHICKEN,Chicken Breast,13.24,kg,Atlantic Superstore,
2026-09-09,CHICKEN,Chicken Breast,13.12,kg,Atlantic Superstore,
2026-09-10,CHICKEN,Chicken Breast,13.19,kg,Atlantic Superstore,
2026-09-11,CHICKEN,Chicken Breast,12.94,kg,Atlantic Superstore,
2026-09-12,CHICKEN,Chicken Breast,12.91,kg,Atlantic Superstore,
2026-09-13,CHICKEN,Chicken Breast,12.96,kg,Atlantic Superstore,
2026-09-14,CHICKEN,Chicken Breast,13.11,kg,Atlantic Superstore,
2026-09-15,CHICKEN,Chicken Breast,13.12,kg,Atlantic Superstore,
2026-09-16,CHICKEN,Chicken Breast,13.23,kg,Atlantic Superstore,
2026-09-17,CHICKEN,Chicken Breast,13.18,kg,Atlantic Superstore,
2026-09-18,CHICKEN,Chicken Breast,13.1,kg,Atlantic Superstore,
2026-09-19,CHICKEN,Chicken Breast,13.03,kg,Atlantic Superstore,
2026-09-20,CHICKEN,Chicken Breast,13.19,kg,Atlantic Superstore,
2026-09-21,CHICKEN,Chicken Breast,13.3,kg,Atlantic Superstore,
2026-09-22,CHICKEN,Chicken Breast,13.35,kg,Atlantic Superstore,
2026-09-23,CHICKEN,Chicken Breast,13.71,kg,Atlantic Superstore,
2026-09-24,CHICKEN,Chicken Breast,13.7,kg,Atlantic Superstore,
2026-09-25,CHICKEN,Chicken Breast,13.77,kg,Atlantic Superstore,
2026-09-26,CHICKEN,Chicken Breast,13.8,kg,Atlantic Superstore,
2026-08-23,BANANA,Bananas,1.75,kg,Atlantic Superstore,
2026-08-24,BANANA,Bananas,1.74,kg,Atlantic Superstore,
2026-08-25,BANANA,Bananas,1.75,kg,Atlantic Superstore,
2026-08-26,BANANA,Bananas,1.78,kg,Atlantic Superstore,
2026-08-27,BANANA,Bananas,1.59,kg,Atlantic Superstore,sale
2026-08-28,BANANA,Bananas,1.52,kg,Atlantic Superstore,sale
2026-08-29,BANANA,Bananas,1.48,kg,Atlantic Superstore,sale
2026-08-30,BANANA,Bananas,1.78,kg,Atlantic Superstore,
2026-08-31,BANANA,Bananas,1.76,kg,Atlantic Superstore,
2026-09-01,BANANA,Bananas,1.73,kg,Atlantic Superstore,
2026-09-02,BANANA,Bananas,1.74,kg,Atlantic Superstore,
2026-09-03,BANANA,Bananas,1.74,kg,Atlantic Superstore,
2026-09-04,BANANA,Bananas,1.76,kg,Atlantic Superstore,
2026-09-05,BANANA,Bananas,1.77,kg,Atlantic Superstore,
2026-09-06,BANANA,Bananas,1.77,kg,Atlantic Superstore,
2026-09-07,BANANA,Bananas,1.79,kg,Atlantic Superstore,
2026-09-08,BANANA,Bananas,1.78,kg,Atlantic Superstore,
2026-09-09,BANANA,Bananas,1.77,kg,Atlantic Superstore,
2026-09-10,BANANA,Bananas,1.77,kg,Atlantic Superstore,
2026-09-11,BANANA,Bananas,1.76,kg,Atlantic Superstore,
2026-09-12,BANANA,Bananas,1.73,kg,Atlantic Superstore,
2026-09-13,BANANA,Bananas,1.73,kg,Atlantic Superstore,
2026-09-14,BANANA,Bananas,1.73,kg,Atlantic Superstore,
2026-09-15,BANANA,Bananas,1.73,kg,Atlantic Superstore,
2026-09-16,BANANA,Bananas,1.72,kg,Atlantic Superstore,
2026-09-17,BANANA,Bananas,1.72,kg,Atlantic Superstore,
2026-09-18,BANANA,Bananas,1.75,kg,Atlantic Superstore,
2026-09-19,BANANA,Bananas,1.75,kg,Atlantic Superstore,
2026-09-20,BANANA,Bananas,1.52,kg,Atlantic Superstore,sale
2026-09-21,BANANA,Bananas,1.48,kg,Atlantic Superstore,sale
2026-09-22,BANANA,Bananas,1.73,kg,Atlantic Superstore,
2026-09-23,BANANA,Bananas,1.73,kg,Atlantic Superstore,
2026-09-24,BANANA,Bananas,1.76,kg,Atlantic Superstore,
2026-09-25,BANANA,Bananas,1.77,kg,Atlantic Superstore,
2026-09-26,BANANA,Bananas,1.78,kg,Atlantic Superstore,
2026-08-23,APPLES,Gala Apples,4.96,kg,Atlantic Superstore,
2026-08-24,APPLES,Gala Apples,4.99,kg,Atlantic Superstore,
2026-08-25,APPLES,Gala Apples,5.01,kg,Atlantic Superstore,
2026-08-26,APPLES,Gala Apples,5.07,kg,Atlantic Superstore,
2026-08-27,APPLES,Gala Apples,4.45,kg,Atlantic Superstore,sale
2026-08-28,APPLES,Gala Apples,4.16,kg,Atlantic Superstore,sale
2026-08-29,APPLES,Gala Apples,4.08,kg,Atlantic Superstore,sale
2026-08-30,APPLES,Gala Apples,5.05,kg,Atlantic Superstore,
2026-08-31,APPLES,Gala Apples,4.96,kg,Atlantic Superstore,
2026-09-01,APPLES,Gala Apples,4.92,kg,Atlantic Superstore,
2026-09-02,APPLES,Gala Apples,4.95,kg,Atlantic Superstore,
2026-09-03,APPLES,Gala Apples,5.0,kg,Atlantic Superstore,
2026-09-04,APPLES,Gala Apples,5.08,kg,Atlantic Superstore,
2026-09-05,APPLES,Gala Apples,5.15,kg,Atlantic Superstore,
2026-09-06,APPLES,Gala Apples,5.06,kg,Atlantic Superstore,
2026-09-07,APPLES,Gala Apples,5.1,kg,Atlantic Superstore,
2026-09-08,APPLES,Gala Apples,5.02,kg,Atlantic Superstore,
2026-09-09,APPLES,Gala Apples,5.08,kg,Atlantic Superstore,
2026-09-10,APPLES,Gala Apples,4.24,kg,Atlantic Superstore,sale
2026-09-11,APPLES,Gala Apples,4.57,kg,Atlantic Superstore,sale
2026-09-12,APPLES,Gala Apples,4.52,kg,Atlantic Superstore,sale
2026-09-13,APPLES,Gala Apples,4.15,kg,Atlantic Superstore,sale
2026-09-14,APPLES,Gala Apples,5.19,kg,Atlantic Superstore,
2026-09-15,APPLES,Gala Apples,5.25,kg,Atlantic Superstore,
2026-09-16,APPLES,Gala Apples,5.19,kg,Atlantic Superstore,
2026-09-17,APPLES,Gala Apples,5.2,kg,Atlantic Superstore,
2026-09-18,APPLES,Gala Apples,5.28,kg,Atlantic Superstore,
2026-09-19,APPLES,Gala Apples,5.24,kg,Atlantic Superstore,
2026-09-20,APPLES,Gala Apples,5.25,kg,Atlantic Superstore,
2026-09-21,APPLES,Gala Apples,5.26,kg,Atlantic Superstore,
2026-09-22,APPLES,Gala Apples,5.23,kg,Atlantic Superstore,
2026-09-23,APPLES,Gala Apples,5.26,kg,Atlantic Superstore,
2026-09-24,APPLES,Gala Apples,5.26,kg,Atlantic Superstore,
2026-09-25,APPLES,Gala Apples,5.22,kg,Atlantic Superstore,
2026-09-26,APPLES,Gala Apples,5.3,kg,Atlantic Superstore,
2026-08-23,RICE,2kg Long Grain Rice,7.94,2kg,Atlantic Superstore,
2026-08-24,RICE,2kg Long Grain Rice,7.83,2kg,Atlantic Superstore,
2026-08-25,RICE,2kg Long Grain Rice,7.82,2kg,Atlantic Superstore,
2026-08-26,RICE,2kg Long Grain Rice,7.83,2kg,Atlantic Superstore,
2026-08-27,RICE,2kg Long Grain Rice,7.87,2kg,Atlantic Superstore,
2026-08-28,RICE,2kg Long Grain Rice,7.83,2kg,Atlantic Superstore,
2026-08-29,RICE,2kg Long Grain Rice,7.68,2kg,Atlantic Superstore,
2026-08-30,RICE,2kg Long Grain Rice,7.59,2kg,Atlantic Superstore,
2026-08-31,RICE,2kg Long Grain Rice,7.67,2kg,Atlantic Superstore,
2026-09-01,RICE,2kg Long Grain Rice,7.69,2kg,Atlantic Superstore,
2026-09-02,RICE,2kg Long Grain Rice,7.63,2kg,Atlantic Superstore,
2026-09-03,RICE,2kg Long Grain Rice,6.51,2kg,Atlantic Superstore,sale
2026-09-04,RICE,2kg Long Grain Rice,6.89,2kg,Atlantic Superstore,sale
2026-09-05,RICE,2kg Long Grain Rice,6.34,2kg,Atlantic Superstore,sale
2026-09-06,RICE,2kg Long Grain Rice,6.65,2kg,Atlantic Superstore,sale
2026-09-07,RICE,2kg Long Grain Rice,7.83,2kg,Atlantic Superstore,
2026-09-08,RICE,2kg Long Grain Rice,7.03,2kg,Atlantic Superstore,sale
2026-09-09,RICE,2kg Long Grain Rice,6.79,2kg,Atlantic Superstore,sale
2026-09-10,RICE,2kg Long Grain Rice,6.97,2kg,Atlantic Superstore,sale
2026-09-11,RICE,2kg Long Grain Rice,7.85,2kg,Atlantic Superstore,
2026-09-12,RICE,2kg Long Grain Rice,7.93,2kg,Atlantic Superstore,
2026-09-13,RICE,2kg Long Grain Rice,7.89,2kg,Atlantic Superstore,
2026-09-14,RICE,2kg Long Grain Rice,7.87,2kg,Atlantic Superstore,
2026-09-15,RICE,2kg Long Grain Rice,7.84,2kg,Atlantic Superstore,
2026-09-16,RICE,2kg Long Grain Rice,7.9,2kg,Atlantic Superstore,
2026-09-17,RICE,2kg Long Grain Rice,7.86,2kg,Atlantic Superstore,
2026-09-18,RICE,2kg Long Grain Rice,7.83,2kg,Atlantic Superstore,
2026-09-19,RICE,2kg Long Grain Rice,7.78,2kg,Atlantic Superstore,
2026-09-20,RICE,2kg Long Grain Rice,7.76,2kg,Atlantic Superstore,
2026-09-21,RICE,2kg Long Grain Rice,7.68,2kg,Atlantic Superstore,
2026-09-22,RICE,2kg Long Grain Rice,7.72,2kg,Atlantic Superstore,
2026-09-23,RICE,2kg Long Grain Rice,7.8,2kg,Atlantic Superstore,
2026-09-24,RICE,2kg Long Grain Rice,7.73,2kg,Atlantic Superstore,
2026-09-25,RICE,2kg Long Grain Rice,7.8,2kg,Atlantic Superstore,
2026-09-26,RICE,2kg Long Grain Rice,7.83,2kg,Atlantic Superstore,
2026-08-23,PASTA,900g Pasta,2.51,900g,Atlantic Superstore,
2026-08-24,PASTA,900g Pasta,2.52,900g,Atlantic Superstore,
2026-08-25,PASTA,900g Pasta,2.56,900g,Atlantic Superstore,
2026-08-26,PASTA,900g Pasta,2.54,900g,Atlantic Superstore,
2026-08-27,PASTA,900g Pasta,2.53,900g,Atlantic Superstore,
2026-08-28,PASTA,900g Pasta,2.5,900g,Atlantic Superstore,
2026-08-29,PASTA,900g Pasta,2.51,900g,Atlantic Superstore,
2026-08-30,PASTA,900g Pasta,2.48,900g,Atlantic Superstore,
2026-08-31,PASTA,900g Pasta,2.47,900g,Atlantic Superstore,
2026-09-01,PASTA,900g Pasta,2.17,900g,Atlantic Superstore,sale
2026-09-02,PASTA,900g Pasta,2.07,900g,Atlantic Superstore,sale
2026-09-03,PASTA,900g Pasta,2.01,900g,Atlantic Superstore,sale
2026-09-04,PASTA,900g Pasta,2.46,900g,Atlantic Superstore,
2026-09-05,PASTA,900g Pasta,2.47,900g,Atlantic Superstore,
2026-09-06,PASTA,900g Pasta,2.47,900g,Atlantic Superstore,
2026-09-07,PASTA,900g Pasta,2.46,900g,Atlantic Superstore,
2026-09-08,PASTA,900g Pasta,2.49,900g,Atlantic Superstore,
2026-09-09,PASTA,900g Pasta,2.24,900g,Atlantic Superstore,sale
2026-09-10,PASTA,900g Pasta,2.15,900g,Atlantic Superstore,sale
2026-09-11,PASTA,900g Pasta,2.5,900g,Atlantic Superstore,
2026-09-12,PASTA,900g Pasta,2.48,900g,Atlantic Superstore,
2026-09-13,PASTA,900g Pasta,2.5,900g,Atlantic Superstore,
2026-09-14,PASTA,900g Pasta,2.48,900g,Atlantic Superstore,
2026-09-15,PASTA,900g Pasta,2.48,900g,Atlantic Superstore,
2026-09-16,PASTA,900g Pasta,2.46,900g,Atlantic Superstore,
2026-09-17,PASTA,900g Pasta,2.45,900g,Atlantic Superstore,
2026-09-18,PASTA,900g Pasta,2.46,900g,Atlantic Superstore,
2026-09-19,PASTA,900g Pasta,2.44,900g,Atlantic Superstore,
2026-09-20,PASTA,900g Pasta,2.4,900g,Atlantic Superstore,
2026-09-21,PASTA,900g Pasta,2.43,900g,Atlantic Superstore,
2026-09-22,PASTA,900g Pasta,2.4,900g,Atlantic Superstore,
2026-09-23,PASTA,900g Pasta,2.4,900g,Atlantic Superstore,
2026-09-24,PASTA,900g Pasta,2.39,900g,Atlantic Superstore,
2026-09-25,PASTA,900g Pasta,2.4,900g,Atlantic Superstore,
2026-09-26,PASTA,900g Pasta,2.37,900g,Atlantic Superstore,
2026-08-23,COFFEE,875g Ground Coffee,14.78,875g,Atlantic Superstore,
2026-08-24,COFFEE,875g Ground Coffee,12.86,875g,Atlantic Superstore,sale
2026-08-25,COFFEE,875g Ground Coffee,13.42,875g,Atlantic Superstore,sale
2026-08-26,COFFEE,875g Ground Coffee,13.33,875g,Atlantic Superstore,sale
2026-08-27,COFFEE,875g Ground Coffee,12.62,875g,Atlantic Superstore,sale
2026-08-28,COFFEE,875g Ground Coffee,14.72,875g,Atlantic Superstore,
2026-08-29,COFFEE,875g Ground Coffee,14.79,875g,Atlantic Superstore,
2026-08-30,COFFEE,875g Ground Coffee,13.04,875g,Atlantic Superstore,sale
2026-08-31,COFFEE,875g Ground Coffee,12.1,875g,Atlantic Superstore,sale
2026-09-01,COFFEE,875g Ground Coffee,14.52,875g,Atlantic Superstore,
2026-09-02,COFFEE,875g Ground Coffee,14.52,875g,Atlantic Superstore,
2026-09-03,COFFEE,875g Ground Coffee,14.69,875g,Atlantic Superstore,
2026-09-04,COFFEE,875g Ground Coffee,14.7,875g,Atlantic Superstore,
2026-09-05,COFFEE,875g Ground Coffee,14.56,875g,Atlantic Superstore,
2026-09-06,COFFEE,875g Ground Coffee,14.5,875g,Atlantic Superstore,
2026-09-07,COFFEE,875g Ground Coffee,14.43,875g,Atlantic Superstore,
2026-09-08,COFFEE,875g Ground Coffee,14.51,875g,Atlantic Superstore,
2026-09-09,COFFEE,875g Ground Coffee,14.56,875g,Atlantic Superstore,
2026-09-10,COFFEE,875g Ground Coffee,14.55,875g,Atlantic Superstore,
2026-09-11,COFFEE,875g Ground Coffee,14.65,875g,Atlantic Superstore,
2026-09-12,COFFEE,875g Ground Coffee,14.58,875g,Atlantic Superstore,
2026-09-13,COFFEE,875g Ground Coffee,14.57,875g,Atlantic Superstore,
2026-09-14,COFFEE,875g Ground Coffee,14.59,875g,Atlantic Superstore,
2026-09-15,COFFEE,875g Ground Coffee,14.77,875g,Atlantic Superstore,
2026-09-16,COFFEE,875g Ground Coffee,14.76,875g,Atlantic Superstore,
2026-09-17,COFFEE,875g Ground Coffee,14.71,875g,Atlantic Superstore,
2026-09-18,COFFEE,875g Ground Coffee,14.59,875g,Atlantic Superstore,
2026-09-19,COFFEE,875g Ground Coffee,14.67,875g,Atlantic Superstore,
2026-09-20,COFFEE,875g Ground Coffee,14.6,875g,Atlantic Superstore,
2026-09-21,COFFEE,875g Ground Coffee,14.64,875g,Atlantic Superstore,
2026-09-22,COFFEE,875g Ground Coffee,14.42,875g,Atlantic Superstore,
2026-09-23,COFFEE,875g Ground Coffee,14.54,875g,Atlantic Superstore,
2026-09-24,COFFEE,875g Ground Coffee,14.39,875g,Atlantic Superstore,
2026-09-25,COFFEE,875g Ground Coffee,14.3,875g,Atlantic Superstore,
2026-09-26,COFFEE,875g Ground Coffee,14.42,875g,Atlantic Superstore,
2026-08-23,OATS,1kg Rolled Oats,4.94,1kg,Atlantic Superstore,
2026-08-24,OATS,1kg Rolled Oats,4.92,1kg,Atlantic Superstore,
2026-08-25,OATS,1kg Rolled Oats,4.96,1kg,Atlantic Superstore,
2026-08-26,OATS,1kg Rolled Oats,5.02,1kg,Atlantic Superstore,
2026-08-27,OATS,1kg Rolled Oats,4.97,1kg,Atlantic Superstore,
2026-08-28,OATS,1kg Rolled Oats,4.91,1kg,Atlantic Superstore,
2026-08-29,OATS,1kg Rolled Oats,4.89,1kg,Atlantic Superstore,
2026-08-30,OATS,1kg Rolled Oats,4.92,1kg,Atlantic Superstore,
2026-08-31,OATS,1kg Rolled Oats,4.84,1kg,Atlantic Superstore,
2026-09-01,OATS,1kg Rolled Oats,4.81,1kg,Atlantic Superstore,
2026-09-02,OATS,1kg Rolled Oats,4.81,1kg,Atlantic Superstore,
2026-09-03,OATS,1kg Rolled Oats,4.77,1kg,Atlantic Superstore,
2026-09-04,OATS,1kg Rolled Oats,4.78,1kg,Atlantic Superstore,
2026-09-05,OATS,1kg Rolled Oats,4.74,1kg,Atlantic Superstore,
2026-09-06,OATS,1kg Rolled Oats,4.68,1kg,Atlantic Superstore,
2026-09-07,OATS,1kg Rolled Oats,4.17,1kg,Atlantic Superstore,sale
2026-09-08,OATS,1kg Rolled Oats,4.13,1kg,Atlantic Superstore,sale
2026-09-09,OATS,1kg Rolled Oats,4.52,1kg,Atlantic Superstore,
2026-09-10,OATS,1kg Rolled Oats,4.51,1kg,Atlantic Superstore,
2026-09-11,OATS,1kg Rolled Oats,4.46,1kg,Atlantic Superstore,
2026-09-12,OATS,1kg Rolled Oats,4.43,1kg,Atlantic Superstore,
2026-09-13,OATS,1kg Rolled Oats,4.47,1kg,Atlantic Superstore,
2026-09-14,OATS,1kg Rolled Oats,4.49,1kg,Atlantic Superstore,
2026-09-15,OATS,1kg Rolled Oats,4.5,1kg,Atlantic Superstore,
2026-09-16,OATS,1kg Rolled Oats,4.48,1kg,Atlantic Superstore,
2026-09-17,OATS,1kg Rolled Oats,4.48,1kg,Atlantic Superstore,
2026-09-18,OATS,1kg Rolled Oats,4.51,1kg,Atlantic Superstore,
2026-09-19,OATS,1kg Rolled Oats,4.48,1kg,Atlantic Superstore,
2026-09-20,OATS,1kg Rolled Oats,4.49,1kg,Atlantic Superstore,
2026-09-21,OATS,1kg Rolled Oats,4.51,1kg,Atlantic Superstore,
2026-09-22,OATS,1kg Rolled Oats,4.02,1kg,Atlantic Superstore,sale
2026-09-23,OATS,1kg Rolled Oats,3.75,1kg,Atlantic Superstore,sale
2026-09-24,OATS,1kg Rolled Oats,3.91,1kg,Atlantic Superstore,sale
2026-09-25,OATS,1kg Rolled Oats,4.55,1kg,Atlantic Superstore,
2026-09-26,OATS,1kg Rolled Oats,4.58,1kg,Atlantic Superstore,
